n,iters,times,status
2,3,0.004996776580810547,0
3,7,0.013001441955566406,0
4,15,0.011041879653930664,0
5,31,0.009960412979125977,0
6,63,0.030001163482666016,0
7,127,0.06899547576904297,0
8,255,0.0859982967376709,0
9,511,0.1809988021850586,0
