,steepest,dantzig,devex
time,0.005007266998291016,0.0049915313720703125,0.001995086669921875
min_price,1.570312971592117,1.570312971592117,1.570312971592117
iters,13.0,7.0,8.0
